imagen,producto_codigo,producto_nombre,medidas,precio,notas
ACOPLE RAPIDO.JPG,,,,,
B1.JPG,,,,,
B100.JPG,,,,,
B101.JPG,,,,,
B102A.JPG,,,,,
B103.JPG,,,,,
B109.JPG,,,,,
B11.JPG,,,,,
B110 MACHO SOLDAR.JPG,,,,,
B110.JPG,,,,,
B112.JPG,,,,,
B113.JPG,,,,,
B116.JPG,,,,,
B119 HEMBRA SOLDAR.JPG,,,,,
B119.JPG,,,,,
B12.JPG,,,,,
B122.JPG,,,,,
B124.JPG,,,,,
B127.JPG,,,,,
B158.JPG,,,,,
B170.JPG,,,,,
B2.JPG,,,,,
B20.JPG,,,,,
B21.JPG,,,,,
B22.JPG,,,,,
B23.JPG,,,,,
B24.JPG,,,,,
B26.JPG,,,,,
B3 90G.JPG,,,,,
B3 CODO ESPIGO.JPG,,,,,
B3 T ESPIGO.JPG,,,,,
B3.JPG,,,,,
B41.JPG,,,,,
B42.JPG,,,,,
B44.JPG,,,,,
B46.JPG,,,,,
B48.JPG,,,,,
B49.JPG,,,,,
B5.JPG,,,,,
B60.JPG,,,,,
B61.JPG,,,,,
B62.JPG,,,,,
B64.JPG,,,,,
B65.JPG,,,,,
B66.JPG,,,,,
B68 MONO.JPG,,,,,
B68.JPG,,,,,
B69.JPG,,,,,
CONECTOR ACOPLE HEMBRA.JPG,,,,,
CONECTOR ACOPLE LISO.JPG,,,,,
CONECTOR ACOPLE MACHO.JPG,,,,,
FERRUL.JPG,,,,,
GRIFO 554.JPG,,,,,
GRIFO 588.JPG,,,,,
GRIFO 592.JPG,,,,,
GRIFO RADIADOR.JPG,,,,,
INFLALLANTAS HEMBRA.JPG,,,,,
inflallantas mach.JPG,,,,,
INSERTO BRONCE.JPG,,,,,
INSERTO FOSFORO.JPG,,,,,
INSERTO LAMINA.JPG,,,,,
MANGUERA SAE J1402.jpg,,,,,
RAC TEMPERATURA.JPG,,,,,
RACOR CHASIS CHEVROLET.JPG,,,,,
RACOR CHASIS CTE.JPG,,,,,
RACOR CHASIS TRAILER.JPG,,,,,
RACOR TEMPERATURA  A.JPG,,,,,
SANGRADOR.JPG,,,,,
TEE 741.JPG,,,,,
UNION BI.JPG,,,,,
VALV DESPEGUE.JPG,,,,,
VALV SEGURIDAD CTA.JPG,,,,,
VALV SEGURIDAD LGA.JPG,,,,,
VALV SEGURIDAD MINI.JPG,,,,,
VALVULADE RETENCION KN23000.JPG,,,,, 